,Theta2,Std.Error_theta2
0,0.11650741733145822,3.244886577087583
1,0.009482428481329524,0.008206768135895577
2,0.024695519622516926,1.4312134112257553
