,Theta2,Std.Error_theta2
0,0.2023408412200236,4.222767366041169
1,-0.0006518658573004009,0.3332515024937898
2,-0.002520847231630238,10.506884279161293
