,Theta2,Std.Error_theta2
0,-0.16851387432335413,9.625227531493191
1,0.015101504545817124,0.014071251475660131
2,0.043436191928761136,1.6935617112119783
